"SNP_A-1805695","SNP_A-1810261","SNP_A-1813908","SNP_A-1846248","SNP_A-1860317","SNP_A-1871940","SNP_A-1877079","SNP_A-1884247","SNP_A-1886119","SNP_A-1902510","SNP_A-1913507","SNP_A-1915506","SNP_A-1932427","SNP_A-1938553","SNP_A-2012107","SNP_A-2043419","SNP_A-2085504","SNP_A-2099949","SNP_A-2105315","SNP_A-2110543","SNP_A-2145226","SNP_A-2151307","SNP_A-2216502","SNP_A-2233178","SNP_A-2241622","SNP_A-2245463","SNP_A-2248821","SNP_A-2293100","SNP_A-2298794","SNP_A-2303662","SNP_A-4225340","SNP_A-4226887","SNP_A-1796192","SNP_A-1800656","SNP_A-1844716","SNP_A-1844799","SNP_A-1888396","SNP_A-1917420","SNP_A-1948525","SNP_A-2034967","SNP_A-2040659","SNP_A-2042805","SNP_A-2050278","SNP_A-2091018","SNP_A-2091983","SNP_A-2096647","SNP_A-2102091","SNP_A-2151391","SNP_A-2152927","SNP_A-2159443","SNP_A-2164676","SNP_A-2193438","SNP_A-2197323","SNP_A-2200633","SNP_A-2246517","SNP_A-2269373","SNP_A-2273988","SNP_A-2277699","SNP_A-2285102","SNP_A-2312446","SNP_A-2314987","SNP_A-4244252","SNP_A-4244254","SNP_A-4245627","SNP_A-4276255","SNP_A-4280307","SNP_A-4297367","SNP_A-4301662","SNP_A-4301816","SNP_A-4304436","IMAGE:1161564","IMAGE:121533","IMAGE:126681","IMAGE:128165","IMAGE:137245","IMAGE:137885","IMAGE:1461138","IMAGE:1540760","IMAGE:1566740","IMAGE:1606780","IMAGE:1635701","IMAGE:1750916","IMAGE:1941742","IMAGE:209264","IMAGE:212634","IMAGE:2310556","IMAGE:2392824","IMAGE:241365","IMAGE:2447120","IMAGE:246703","IMAGE:2469050","IMAGE:261453","IMAGE:268778","IMAGE:276804","IMAGE:278222","IMAGE:279966","IMAGE:282201","IMAGE:296889","IMAGE:32493","IMAGE:328542","IMAGE:36387","IMAGE:399093","IMAGE:415413","IMAGE:47665","IMAGE:592125","IMAGE:703577","IMAGE:743880","IMAGE:754303","IMAGE:754563","IMAGE:773335","IMAGE:782521","IMAGE:796127","IMAGE:809718","IMAGE:811058","IMAGE:826173","IMAGE:869466","IMAGE:878571","IMAGE:897642","IMAGE:938257","IMAGE:950606"
1,2,1,0,2,1,1,1,0,2,2,1,1,0,1,2,1,2,1,2,1,2,1,0,2,1,1,1,1,0,0,1,1,1,1,1,0,1,0,2,1,1,1,1,1,0,0,2,2,2,1,1,0,1,0,0,1,0,0,1,1,0,0,0,0,0,1,1,1,0,-3.20757905856005,2.0206915974985,2.02673234271946,1.52678190483653,-0.755537710816835,5.0014523549495,0.328674316922042,3.16581285350575,0.998540580885496,-0.449471166672897,-0.905038819655717,0.526057320441725,-1.30595796068607,2.91068749568442,2.71962292299371,1.60580514434992,-0.799656083434569,-0.425370446050831,-1.4255898216058,1.01036200919359,-1.21180596906199,-0.498652467002522,-1.82341713840352,3.63238518167246,0.595080570197167,2.09874811209999,1.37005296288797,1.3169676864885,0.459038060127316,0.83209156728659,0.301348349900548,-0.759717552057716,1.41164857901506,-1.419933682204,1.55945555567778,-1.23079485153645,-0.530515930051036,-0.490276810080594,-1.42498811448086,-3.93377983679169,-0.375216843159883,0.972825192907427,-2.22126932888927,-0.354636989085581,-1.57830389490989,2.26112260897978,-2.30351504264119,-1.01662505289804,-0.303515720850458,-0.539029056776263
0,2,0,0,2,2,2,1,0,1,2,1,2,1,0,2,2,2,2,2,2,2,1,2,2,2,2,0,2,0,1,0,2,1,2,1,0,2,0,1,2,1,2,2,2,0,1,2,2,2,0,0,0,2,0,0,0,1,1,2,0,2,0,1,0,1,0,2,0,0,-1.5515086131273,1.00910581329384,2.24352075806768,1.63884074863832,-0.221157114857984,2.04713713771527,2.96535267621522,3.02509892961556,0.337738506665867,-0.063798991108337,-0.0782834717880982,0.0956169723217584,-0.17732160515922,0.480647492477153,0.749142092777362,0.901597420705636,-2.31365362361818,0.48156887532678,-1.39495927382749,0.559167369108367,-1.76382367204475,0.692044577153279,-2.42517353552026,2.08298090386809,0.379995185108332,2.16815086687854,0.468075362849293,-0.97090715125985,-0.633209959892235,0.597572393702919,0.0325669127883081,0.0976653077724262,2.60916217205366,-0.729789552576777,1.68564037543523,1.27151502527507,0.196413822388163,-0.77467589782674,-0.0172597565894589,-3.64254910859795,0.244478554052151,-1.4497754599094,0.0216378786998723,-1.46359767159142,-0.592625726242908,5.78880746041171,-1.99402757617062,-0.428220124169977,0.172834773597332,-0.323912216392273
1,1,1,0,1,1,1,1,0,1,1,0,1,1,1,2,1,0,1,2,1,1,2,0,1,1,1,1,1,0,1,1,2,1,1,0,0,2,0,2,1,1,1,1,1,1,0,2,1,2,0,1,0,1,0,0,0,0,0,1,1,2,0,0,1,0,1,1,1,0,-0.826374209665105,1.26679703731801,-0.00361587761257232,0.684396190607379,1.4387299583815,3.39486533820887,2.46042366395705,0.450341652064668,0.345399053665982,1.53517035616552,0.0350663763234864,1.00997409563986,1.00038625048036,0.486425568212828,3.61340954623441,3.04952592345986,-2.11746239080601,0.268390569258841,-0.628685749003996,0.555570118477751,0.02759846825707,0.140033755254933,-4.58996062462789,-0.20017142124754,0.0810830729535476,2.66423052827331,1.0431345756118,-1.43816950368558,-1.59859982112909,0.491541754627308,0.0233430308070198,-0.754224406139601,2.08883597358244,-0.998871454862411,0.906122187847158,2.06640611760541,-1.11922725197623,-1.44035798577892,-0.0686951709259486,-2.60429601529406,0.108160915589344,-1.40419502897863,-1.49288734760531,-0.967419352498879,-1.35117667042519,2.71736439875141,-2.27207236050942,1.12360277841606,0.181322847821608,-0.0281614990912026
0,1,0,0,1,2,2,0,0,1,1,1,2,1,0,2,2,0,0,2,1,1,1,0,1,2,2,0,2,0,1,0,2,1,2,1,0,2,0,2,2,0,2,2,2,0,0,2,1,2,0,0,0,2,0,0,0,0,0,2,0,2,0,0,1,0,0,2,1,0,-0.938265698170971,0.752797227578561,-0.0548289826227817,1.19788287519994,-0.318524142355849,3.01784008939982,1.43499030036465,2.41021256307032,0.287699727376829,-0.686729037713336,-0.842344797909391,0.049149424871902,-1.48346212495639,0.442905036690584,2.67149969451449,2.99049995504956,-0.484278278375333,-0.996315671176244,-0.282755928288919,0.752959591945555,-0.447727552808399,-0.161248511444356,-0.339634994694473,2.39644866314426,0.533834019766918,1.14824887978677,0.914520305606564,1.62841801557983,-1.1390960994968,-0.172793783008678,-0.472564452768493,-0.884051991198787,1.79780605042721,-0.87917519177858,0.551663592689246,0.782843204374229,-0.624279185764301,-1.93143022451973,-1.77444647471332,-4.17563103882841,0.0511874102463554,-0.586443331766119,-1.54936151583722,0.00937369850139413,-0.00076178689133799,-1.61337132182476,1.09311280640359,-0.750585148877708,0.890513881946811,-0.894279527845064
1,2,1,0,2,1,1,1,0,0,2,1,1,2,1,2,1,2,2,2,2,2,1,1,2,1,1,1,1,0,2,0,2,2,1,1,0,2,0,2,1,1,1,1,1,0,2,2,2,2,0,1,0,1,0,0,0,2,1,1,1,1,0,2,0,2,1,1,0,0,-4.00589645658582,0.850485919938621,0.48836117354886,1.02250078356395,-1.13288104459065,0.615830393928044,0.796721802012892,1.50874245742834,1.77989821193483,-0.0995059315931694,-0.997844217082453,0.590243051300311,0.462439061877426,0.789653364198751,2.54635875502235,2.30621096260881,0.84257951162016,0.409666272933856,-0.260597944265891,-0.45506118280053,-1.23631838588153,0.112014649731462,-0.728606281838005,2.54812440815752,1.55617490393264,1.68655967527225,1.48050141926343,0.297520078555034,0.186426805305407,-0.0200231344286801,-0.219549237480356,-1.93150234988136,0.487189960753746,-1.89015915294311,1.23406099196898,0.741787960084847,-0.287614335064382,-1.41335773878945,-0.202598041218775,-3.66503426739778,-0.084123741900004,-0.668194323245348,-1.81058713401607,0.24748892110517,-0.486220701550109,3.46152590997106,-1.47768759984996,-1.13600941574568,-1.05888099178851,-0.673858683150746
0,2,0,0,2,2,2,1,0,2,1,0,2,0,0,2,2,0,1,2,1,2,2,0,1,2,2,1,2,0,0,0,2,1,1,0,0,1,0,2,2,1,2,2,2,1,0,2,2,2,0,0,0,2,0,0,0,0,1,2,0,0,0,0,0,0,0,2,1,0,-1.84202526571673,0.554055535418037,0.996228278135938,0.912257242698759,-1.18345277328178,3.12205688997433,2.03246192566745,2.87863849007941,0.630456878388246,-0.291491121952751,-0.297022861769207,0.297349963660686,-0.066932127576748,1.62464355466081,0.633270656033522,1.98720759598833,-0.556819137826908,-0.372664500232423,-1.29737977204207,0.365538204475384,-0.484112364514379,-0.569699739294304,-2.85149261806867,0.546953703527535,0.710668616090629,1.72278026445722,1.19987687789772,0.50790693441189,-0.0149114092804568,-0.421179816861568,-0.311152379192138,-0.80702211803874,1.78136880886586,-0.650904075668728,-0.309532301448382,0.0292256030736637,-0.642723387602607,-1.36746595359177,-0.872232955352319,-3.22657501614925,-1.42654611034064,0.472361114090572,-1.06192109529699,-0.834885619679339,-0.566054939633485,1.89222016911003,-1.75901933173189,-0.084055601659787,0.734097611395764,-0.946352742726534
0,1,0,0,1,2,2,0,0,1,2,1,2,1,0,2,2,1,1,2,2,1,1,1,2,2,2,0,2,0,1,0,2,2,2,1,0,1,0,2,2,0,2,2,2,1,0,2,1,2,0,0,0,2,0,0,0,0,0,2,0,1,0,0,1,0,0,2,0,0,-2.83812525985183,0.366632144616106,1.9586924704946,1.03166030018504,-0.304103157861986,3.84943334889248,1.77230958821739,1.56107298786651,0.539635982007409,0.125147814510486,-0.256146728200671,1.50052243564112,-0.498002472293615,2.01416595927609,1.42368588056985,2.80473993890331,1.86645857808912,-0.723254895740422,-0.0746751994064243,0.00681367478142392,-0.943286351279774,-0.138323259006665,-1.34671935758515,2.30829972866801,1.52064571347264,1.91977119805502,2.11048247848785,2.38765250198229,0.450860154761377,-0.466819812790973,0.33658683058907,-1.4761473958194,-0.025052361602677,-0.744166046696588,0.438651355817497,0.677042905784493,0.00564351839793956,-0.945956613809162,-0.712996949533998,-4.25883297506373,-0.934542446687002,0.0429474006666342,-2.16783840453189,0.227308671975517,-0.661617567788185,-1.43925126164405,-1.59587416431714,-2.36215389186705,-0.52748922283443,-0.604449756155739
0,2,0,1,2,2,2,2,0,1,1,0,2,1,0,2,2,1,1,2,2,2,2,1,1,2,2,0,2,0,1,0,2,2,2,0,0,2,1,2,2,2,2,2,2,0,1,2,2,2,0,0,0,2,0,0,0,1,2,2,0,1,0,1,0,1,0,2,1,0,-3.14986502559431,1.01184412811076,1.56102482852002,0.312678749978779,0.16439785736671,2.93784808028866,0.697552102837352,2.1414373641185,0.900095785926439,0.295782018981774,0.0661325426375094,0.502793084192953,0.25507730059043,2.30833314966315,0.0891748627896205,0.859925762382888,-1.92517305109195,-0.532607926667856,-1.50013672835019,0.866352243053832,-1.0208027186039,0.0810627599157629,-0.511108106391905,1.23918313278715,0.173002642251441,1.59499849459558,1.10693339159117,0.664088290813159,0.797967119055091,-1.19741695166225,-0.0864945257110928,-1.01411681794576,1.23017048737042,-1.46537796129156,1.0186878500977,-0.573007427136379,-1.25103795963096,-0.7580251863119,-0.751938507848688,-3.73926061950317,0.0567478871627162,-0.152282006811902,-1.89558678578004,-0.128052671118814,-1.0670590264123,2.59507170665768,-1.94791179819117,-0.830388782292071,1.24931946951188,-0.725432274749864
0,0,0,0,0,2,2,1,0,0,2,0,2,2,0,2,2,2,0,2,2,0,2,1,2,2,2,0,2,0,2,0,2,2,2,0,0,2,0,2,2,1,2,2,2,0,0,2,0,2,0,0,0,2,0,0,0,0,1,2,0,0,0,0,2,0,0,2,0,0,-3.66295183016077,0.966843616749425,0.623292090983369,0.668276749086007,0.096126102479738,2.64972137511665,1.86708347747306,2.19616058715114,0.748842510431322,-0.308096871039876,-0.798279134924754,0.0549290920889879,0.504488242527326,2.45252314185531,1.0836017263685,3.30423202584491,-2.83118509272805,-0.239979367091435,-0.687502162515836,0.867975879446936,0.0537977797075131,0.194335555771653,-0.158307954356431,3.06796480196243,0.894151886478891,0.841376735303357,0.967275953283066,0.991994942017014,-0.776819319702699,0.163890254122594,-0.433373964183132,-1.13068172785561,0.829077522807348,-2.31117286225589,0.884456277621148,0.171396527945913,-0.138977553970322,-0.0213760969793746,-0.944775079761067,-4.32469270658439,1.66976922270305,-0.483975919921519,-1.52309245867657,-0.43442856957038,-0.621305379859709,2.55508266691129,-1.07544829764821,-1.2375851666406,0.575903403677422,-0.51201206965688
1,1,1,0,1,1,1,0,0,1,1,0,1,1,1,2,1,1,0,2,2,1,2,1,1,1,2,1,1,0,1,1,2,2,1,0,0,2,0,2,1,0,1,1,1,0,0,2,1,2,0,1,0,1,0,0,0,0,1,1,1,1,0,0,1,0,1,1,1,0,-0.832598806345703,0.880649685023988,1.17494096372092,1.14778143138819,-0.0165102263350616,3.87724894539086,1.52771407029993,2.74244699391192,0.0918368772483876,0.282203689240241,-0.0664411124946935,0.0165876283206568,0.236752807835703,2.1521493881142,2.73358295772279,1.6754974464731,-1.05883629840094,-0.324764543042623,-1.24663598301948,0.675479112224012,-0.0687677815368126,-0.137797882258792,-1.1203129986945,3.12229442668758,0.831727953917418,1.64061131860717,0.717214665978262,1.37815309940173,0.32564164978615,0.0975277810078209,-0.32228184757843,-1.27784171593085,1.34537587892333,-1.1753694841673,0.309859124892203,0.0932881146889313,0.0940824416073361,-0.633643676775592,-0.356256748258378,-3.58845277181837,-1.09650093016829,-0.104234710975047,-0.953672552541525,-1.31292159770858,-0.770417457162673,2.27467670724252,-1.18883300453505,-0.2581496685089,0.0749765492417116,-0.55954760884881
0,2,0,0,2,2,2,1,0,1,1,1,2,0,0,2,2,1,1,2,2,2,1,0,1,2,2,0,2,0,0,0,2,1,2,1,0,2,0,1,2,1,2,2,2,1,0,2,2,2,1,0,0,2,0,0,0,0,1,2,0,0,0,0,0,0,0,2,1,0,-3.03426863967887,0.376331658998025,1.709315977094,0.588246505618436,-0.091593209144602,4.53374767806294,1.60623872814014,2.26450041692644,0.856340383081093,0.123049710251449,0.0704704465450051,0.759272119419728,-0.149670882952167,1.90712518623229,2.21916855966794,3.39609359693048,-2.02762684354466,0.0340023523465106,-1.6844512798305,0.564144615073605,-0.719337330068824,-0.213494761217291,-2.703896239801,2.86226032619533,0.906108202254822,3.31146999710907,1.4559014565642,2.31774091875582,-1.27287717694663,-0.872173639840215,-0.374030790359695,-1.53437510340548,0.546656782741722,-1.5928529702974,1.16053157319934,0.550425564263798,-0.368648289869498,-1.61385732802253,-0.35821616029982,-3.88259260679284,0.120711756564625,0.691390635426265,-1.88021596596608,-0.779819268790904,-1.14445205463391,1.18827471474524,-3.4559055308991,-1.0581901938252,0.611206640974173,0.104691650673221
0,1,0,1,1,1,1,0,0,2,2,2,2,1,1,2,1,2,0,2,2,1,0,0,2,2,2,1,1,1,1,1,2,2,1,2,1,2,0,2,2,0,1,1,2,0,0,1,1,2,0,1,0,2,0,1,0,0,1,2,1,2,0,0,1,0,1,2,0,0,-1.76391260708047,0.234466160484573,1.03617078662772,1.3386405908803,-0.306927065836501,2.85524796578884,2.25441814034897,1.8870055556074,0.361025380570776,1.3160304286308,-0.284502715535236,0.922665862887739,-0.428296908009207,1.16750778097013,1.90393774983798,3.64394129291636,-1.95532099598339,0.350762846607663,-2.10055206147586,-0.437959543140434,1.23698478015387,-0.101438128668398,-3.00817402607474,2.5188131314845,1.24398445690202,1.5825653593233,1.00834272570973,1.51547990334135,-1.58703104230308,0.921670539780285,0.809042440529387,-0.977920459692203,1.32811684132243,-1.17542384673179,0.375649698924436,0.672841869629247,0.0702092823056866,-1.61746619054105,-1.12672777652999,-4.42211491405187,-1.11002421975855,1.03192102320652,-1.69286075050917,-0.890966578097096,-0.136356864486394,4.15286530294996,-1.35036499514865,-0.889452583539231,0.521655503877535,-0.00660480740595637
0,2,0,1,2,2,2,1,0,2,1,1,2,0,0,2,2,1,1,2,2,2,1,1,1,2,2,0,2,0,0,0,2,2,2,1,0,2,0,2,2,1,2,2,2,1,0,2,2,2,0,0,0,2,0,0,0,0,1,2,0,1,0,0,0,0,0,2,1,0,-1.60921130854867,-0.0668450030806605,1.21410550562056,0.916751002707294,-0.784269908935189,3.86129344688017,1.32406753100837,2.41279385631193,1.33314778836248,-0.0359543981011951,-0.839595701215539,0.464048264975712,-0.892156370240687,1.89406241049989,0.440802136406912,2.61676878894286,-1.29551429808894,-0.577359772731757,-0.560803024496398,0.685813916018394,-1.11129422961443,-0.296947207572422,-2.20228470468686,1.98560729580945,0.527969720950671,2.62792836209397,1.83231146028804,1.51516651093512,-1.39029991606347,2.36777513714707,0.131923394068178,-1.2532798000956,2.52503787881552,-2.49769865029694,2.35766398209599,0.174982793057787,-0.534564811410526,-1.14329530262994,-0.398572454582923,-2.71826656089662,0.984202314572309,0.205322282070858,-2.08039726176256,-0.249596605533144,-2.07479584783573,2.17758619615671,-1.14503641967901,-0.913442931125722,-0.321366810563683,-1.05793170473405
0,2,0,0,2,2,2,1,0,2,2,1,2,0,0,2,2,1,2,2,1,2,1,0,2,2,2,1,2,0,0,0,2,1,1,1,0,1,0,2,2,1,2,2,2,2,0,2,2,2,0,0,0,2,0,0,0,0,1,2,0,0,0,0,0,0,0,2,0,0,-2.60132445189401,0.859015172700771,-0.206062308727375,0.945541638161033,-0.330978172551775,2.26190242493265,0.105158341076267,3.26571041055473,0.377503328377005,0.5380162672311,-0.0411535811493671,0.334404865838167,0.240368664669732,0.699952215007893,4.6663804741958,2.51313854113873,0.827595995978105,0.719997099475643,-2.24787585238561,0.741280854393582,0.06583037000719,0.264189427167556,-1.30316127474544,1.84159327721911,-0.254696156056382,0.557678030910476,0.423549520033729,-0.212464635142044,-1.52730793446566,0.798200928472514,-0.379107260840561,0.178933725594436,1.80376857207101,-0.492173843414332,1.05389651928598,1.37919862890376,-1.10517865714873,-1.36936003058622,-1.0618954713853,-4.07340352090988,2.51498602835447,-0.26000957310638,-1.35885488121591,0.152901154919687,0.151704310486911,1.55741957549426,-1.14979599058339,0.209325113908865,-1.09353695106107,-1.15374009570943
0,2,0,0,2,2,2,2,0,2,1,0,2,0,0,2,2,1,1,2,2,2,2,0,1,2,2,0,2,0,0,0,2,2,2,0,0,1,0,2,2,2,2,2,2,1,0,2,2,2,0,0,0,2,0,0,0,0,2,2,0,2,0,0,0,0,0,2,1,0,-3.92830355298354,1.10427065779305,1.4691370835023,-0.183219388671056,0.176178405097814,3.66191195108009,0.800872814630637,1.69848001177459,0.833336841946216,-0.15913662768134,-0.308998365325044,-0.249611460439201,1.52444022513051,0.958198515400521,3.80551540042681,2.82840692830633,-1.90090478930309,0.16538250683848,-1.91359065135104,0.444286886773785,0.207643908936682,-0.7048190577352,0.149267072708197,2.71566840986485,-0.883640419919922,0.999296974875338,-0.415660579263265,1.2240934336544,-1.57514633446103,-0.0867124710229668,0.673332370065406,-0.369093326966333,0.890423637828841,-1.13096265658389,0.672246893197813,-0.221954574390898,-0.157720437127878,-0.536778841130754,0.199230477980636,-3.63645216094654,2.26315763961505,-0.827183480360732,-0.118721129271544,-1.15801721896605,0.0900742484566505,1.96430774991686,-0.794262174327309,-0.133799549865449,-1.30956404446648,-0.9257420758081
0,2,0,0,2,1,1,1,0,2,0,1,2,0,1,2,1,2,0,2,1,2,1,1,0,2,2,1,1,1,0,1,1,1,1,1,1,2,0,2,2,1,1,1,2,0,0,1,2,2,0,1,0,2,0,1,1,0,2,2,1,2,0,0,0,0,1,2,2,0,-0.891094296260878,2.60702256275063,1.30289631580883,-0.558366541655316,-0.782397151163386,5.37148300676581,-0.842130260316853,1.68943266596318,2.50023711331355,-1.05962558309804,-0.558729884150063,0.676508737859584,-0.700506158990807,1.99512076951415,1.93682424702872,1.59644896672408,-0.711217106940943,-1.08252021288951,-1.74228464149558,-0.0947646420921289,-0.487834539476838,-0.0887984979582079,0.361366445809134,1.41896813793214,-0.139149256666945,1.10308951687018,2.10142774111063,2.74387946319139,-0.191518825483541,-0.0401960716395336,0.235729175506199,-0.943706695447385,-0.164841887253799,-3.07005750056931,1.23236763827487,1.55474624593661,0.631275932740464,-1.3458926173487,-0.7278986322246,-2.90769596654066,-1.01399725908253,0.325147813102805,-2.51218178896258,-0.544631772648252,-0.954595225424988,3.45401330243234,-2.3235195763986,-0.374784625188208,1.53718956966156,-1.08353692793558
0,1,0,0,1,2,2,1,0,1,1,1,2,1,0,2,2,1,0,2,2,1,1,0,1,2,2,0,2,0,0,0,2,2,2,1,0,2,0,2,2,1,2,2,2,0,0,2,1,2,1,0,0,2,0,0,0,0,0,2,0,2,1,0,1,0,0,2,2,0,-2.61497791792462,0.327153281501517,2.06951180492393,0.715130095318913,-0.994018615933059,1.29018391908346,1.3623546757272,3.4070724568175,1.07266631610002,0.0574088558379397,-0.583883555134293,0.203333480956698,0.247817392748166,2.91819839237085,1.08118873635676,1.98713064945384,-1.61981768300487,0.78387736457996,-3.29387757000193,2.17933123949196,0.549130291305656,-0.273535904199863,-3.78366095996068,1.49453113112351,0.255711764197207,2.37566074604169,0.93190954164282,0.198575417429104,-1.11044142634086,-0.270275654894603,-0.652086480491822,0.0926169846198367,0.942311210349932,-0.254180544543608,0.336843695995773,1.61792744843289,-0.123410559847593,-1.30778546069725,-0.3704224353428,-3.8490039548137,-0.49344018721348,0.248257976927245,-0.962908210283899,-0.924089518106989,-0.305204557637034,4.00194915544826,-0.989278780512483,-0.642506018497695,-0.25403226844234,-0.704893176594074
0,2,0,0,2,2,2,1,0,2,0,1,2,0,0,2,2,1,1,2,2,2,1,0,0,2,2,0,2,0,0,1,2,1,2,1,0,2,0,2,2,1,2,2,2,1,0,2,2,2,0,0,0,2,0,0,0,0,2,2,0,0,0,0,0,0,0,2,2,0,-2.4428031625987,-0.490030030181772,0.718032785986149,-1.2792520973504,-0.415754214191561,0.193281441935393,0.437822369227229,1.48728736960357,0.315095467763454,0.413345100908891,-0.275555115521844,-0.17127071375369,-0.11139800397628,0.625295321463157,2.70974858863212,1.59133356322931,0.506276841012526,0.565579276220994,-1.01621902627227,1.5072650391233,0.0103003718158942,-0.518533150297558,-1.20380238139388,2.07408704292138,0.592589749094162,0.654853503531605,-0.254542657902294,0.699127358018433,-1.12099812631788,-2.65333500319226,0.645073012193467,0.14629734509166,1.41498197563659,0.267399069356866,0.302066819965232,-0.646094099319737,-0.394152641836137,-0.295446506870581,-0.448241452098039,-4.60662035665348,0.0515170674729206,-0.187605341731191,-0.565871821597499,-2.13905824553463,-0.722171583004364,3.38565959101037,-1.91466813030569,-0.988107945621379,-0.580549337352649,-0.511416902714328
0,1,0,0,1,2,2,1,0,1,2,1,2,1,0,2,2,0,1,2,2,1,1,0,2,2,2,0,2,0,1,0,2,2,2,1,0,2,0,2,2,1,2,2,2,1,0,2,1,2,0,0,0,2,0,0,0,0,0,2,0,1,0,0,1,0,0,2,0,0,-3.58776689270267,-0.765156777214206,-0.0738888304874437,0.81071488122359,0.484290908739211,1.28789900904591,0.000235911660769528,0.66452261735366,-0.288716338077267,0.297558446644458,-0.934961422769724,-0.614853651083738,0.24783717567771,-0.489914940978802,0.0110102373367589,-0.092088812789727,-1.31923740836405,0.290339052280337,-0.965190313383615,0.999458184150718,-0.127708727517191,-0.318127816875284,-1.46942491103951,1.57318865560348,0.314952288719837,1.0730692346187,0.797032828027864,-0.348440749387505,-3.1223766459314,0.0829486030000519,0.613048302289171,1.08104634263747,0.471514857451408,0.450234997139999,0.339201982108148,0.85572496824767,-0.423430016980535,-0.893661246239485,-0.121470180567907,-2.50928074139827,-0.823008232301125,-0.267578050334312,-0.609113631502795,-0.128264669779662,-0.00978265512935217,-1.21483096949143,-2.279581869479,-0.628195514187006,1.08841874750768,-1.08166056761468
1,2,1,0,2,1,1,1,0,2,2,0,1,0,1,2,1,1,1,2,2,2,2,0,2,1,1,1,1,0,0,1,0,2,1,0,0,1,0,2,1,1,1,2,1,1,0,2,2,2,0,1,0,1,0,0,2,0,0,1,1,1,0,0,0,0,1,1,1,0,-2.43695544129517,-0.558312922468199,-0.426880642860084,-0.219197367610972,-0.206019035053476,1.56371190330883,3.06773771478682,0.238598586991409,-1.26414063530592,-0.0252212513892221,0.134917741303868,0.333730757583001,0.193954108069128,-0.0206123321444835,3.8224060034103,0.739060239605319,0.0199404335803754,0.181344525210795,-1.5535086888571,1.62104448085279,0.0322550607354057,-0.667015012765841,-3.23279758289207,1.28636283365544,0.384235212981781,0.839525710891526,0.117223612568718,-0.688990038349641,-3.03535898762253,-2.0509759574771,0.342115888356966,-0.616038383436876,2.11187811787877,-0.38125920653499,0.120247147708454,0.493879083720548,-0.909126947846906,-2.26867996970166,-0.747632939561523,-3.4308540141405,0.815440952975099,-0.180694824549339,-1.05601703567373,-1.12951147587053,-1.48916037082537,3.26934090351125,0.219728892513757,-2.50278213250995,1.54803945111167,-0.177933994424009
0,2,0,0,2,2,2,2,0,2,2,0,2,0,0,2,2,0,2,2,2,2,2,0,2,2,2,0,2,0,0,0,2,2,2,0,0,0,0,2,2,2,2,2,2,2,0,2,2,2,0,0,0,2,0,0,0,0,2,2,0,0,0,0,0,0,0,2,0,0,-2.51467095220424,1.04047673351734,0.673126263137483,0.975412543043655,-0.462033149328537,2.27771712806844,1.71335897052192,1.84809807084928,0.687221580904156,-1.2183605021402,-0.588602565920063,-1.51624880551442,0.195792638277882,-0.218148997400297,2.78100778713842,1.98943190806585,-0.467252742113303,0.897049461117447,0.116972607585217,0.0787740312235533,-0.753080913976035,0.12576105921263,-0.949492833531213,0.726160571103138,0.515359049335819,-0.249137031541434,-1.0274466909532,2.05685761698984,-1.46573915024433,-1.7215612479098,-0.825886580236226,1.13750272416483,-0.186227353311678,-0.365815601365472,-0.88928050359173,1.45815913758989,0.635329439236699,-0.782057538919985,0.847907581073876,-1.37985177058883,0.624238208876861,1.11244390083735,-0.146797157089978,-0.545742242120833,0.138441336273001,-0.591315171958584,2.92552160372952,-0.315054258106173,2.83619358155146,-0.478565636893975
0,2,0,1,2,2,2,1,0,2,1,0,2,0,0,2,2,1,1,2,2,2,2,0,1,2,2,0,2,0,0,0,0,2,2,0,0,2,0,1,2,1,2,2,2,1,0,2,2,2,0,0,0,2,0,0,2,0,0,2,0,1,0,0,0,0,0,2,1,0,-2.66449310439645,1.83705686619836,1.42473847549386,1.86199294560745,-0.496463598350518,1.64863405200558,2.7258022963254,2.67442734878812,0.89304234043624,-0.250865195871205,-0.55719988027807,0.127597569180916,-1.13156666115001,2.32364415619564,2.17994358127669,1.6233003397197,-2.07012696896076,-0.318272154612356,-2.34635009859176,1.04248307601416,0.375187521308342,-0.765780366232073,-1.83142658771257,1.42887244693598,0.61294639846576,1.30869786482016,0.629211544605347,2.66651107096932,-0.48498777392692,0.7234573070602,0.112003359152002,-0.375102301466771,1.18236336484962,-0.665614792238238,0.0372713012874806,-0.363889598181113,-0.302533545840467,-0.353579607488723,0.0210398430025782,-3.9156376083783,1.6793101206203,-0.331254838350032,-1.32930385884918,-0.299621738417014,-1.65722734718849,-4.06218862798907,-0.325872000451734,-0.329567563513752,-1.22465319220456,-0.700684506102739
0,1,0,0,2,2,2,0,0,1,2,2,2,1,0,2,2,1,1,2,2,2,1,1,2,2,2,0,2,0,1,0,2,2,2,1,0,2,0,1,2,0,2,2,2,0,0,2,2,2,0,0,0,2,0,0,0,0,0,2,0,1,0,0,1,0,0,2,0,0,-2.75170532482763,1.81624568932469,0.706143392964215,0.610108443397107,-1.2939297715862,2.73751145629217,1.72516012893363,1.52144161359086,0.515834715508756,-0.399982013685228,-0.266022869287097,-0.0893212839407427,0.312274214096923,0.398815570880905,1.69089473585249,3.73589420841283,-1.2009136005167,1.05788785276409,-1.23271501135593,-0.21627174791222,-1.27365187461258,0.739375032638039,-1.8481890358872,2.35153098495838,0.456921328178422,1.01020093544827,1.37542601900501,0.059628391841504,-0.169992666211495,-0.844564630330758,0.153743571096525,-0.943545602313478,0.965848358776424,-0.683147681276388,0.0733510885184634,0.226946869336156,-0.459862527267442,-2.04359851280674,-1.68240355464716,-2.53233946220411,-1.29088632100954,-0.484891228587269,-1.28557244229317,0.550034415117713,0.668401894747415,1.0977397234301,-2.11244486158233,-1.2686131033961,0.256639923367397,-0.459454340681875
0,2,0,0,2,2,2,0,0,1,0,1,2,1,0,2,2,0,0,2,2,1,1,0,1,2,2,1,2,0,1,0,2,2,1,1,0,2,0,2,2,0,2,2,2,0,0,2,2,2,0,0,0,2,0,0,0,0,1,2,0,1,0,0,0,0,0,2,2,0,-3.32110666504493,0.713288153361904,0.766554990044905,1.14657673123521,-0.179005972440204,3.51076015438079,0.120246211283603,3.35572356507056,0.526392571244051,0.726539440539405,-0.331837509968107,1.24202958269631,-0.345936175239846,1.31982806013753,2.61297505170739,3.76739302553493,-1.86304295173033,-0.70297994346714,-1.71276057689526,0.466812831563833,0.0436210750815669,-0.503836976281327,-1.53149198163796,3.28133474235791,0.752189198759015,2.47779069609359,2.20367309405988,1.21674129375762,0.743932996918291,-1.60369153043781,-0.128176997504873,-0.0637909297373274,0.596564783831129,-0.289557521902099,1.15410243842721,1.12966567512415,-0.567907226692566,-1.06204159301944,-0.850960457702521,-3.91707016917991,-0.964474996202905,-0.309954763328635,-1.11287846106875,-0.0355181281582597,-0.144493782001728,-0.324100392992553,-2.35097743894729,-0.376303210855281,0.518222562681109,0.155371147295489
0,1,0,0,1,2,2,2,0,0,2,0,2,2,0,2,2,1,1,2,2,1,2,0,2,2,2,0,2,0,2,0,2,2,2,0,0,2,0,2,2,2,2,2,2,0,1,2,1,2,0,0,0,2,0,0,0,1,1,2,0,1,0,1,1,1,0,2,0,0,-3.18320057354192,0.341834629219603,0.130682245688504,0.809902565453531,-0.853355212327319,0.227094715458543,2.44146692515173,0.842404301629067,0.225000725153063,0.147355539450839,0.516192603426298,0.166096780632762,-0.100810393340662,0.463807384896834,3.81917383319505,1.53785473217256,-0.55559263669045,-0.430357531332004,-1.71017165823793,1.52822141748954,0.0182503921760018,0.113622081500768,-3.13243361049994,0.907555562063187,0.333683489999358,1.57284375250737,-0.303688723217149,1.21145997434137,-2.50832890015587,-1.51412966421576,0.26838806664986,-0.306293459121588,1.25750798387639,-1.36934645760823,0.490937828007406,2.05545797588112,0.553494957680287,-1.29399680375339,-0.151860179964524,-2.33739065822483,0.396818166093078,0.219017989051054,-0.210226717853832,-0.973362802258686,-0.687011235182881,0.590583138931057,-1.17189549608249,-0.552869273626742,2.03278445329391,-0.652368606223602
0,2,0,0,2,2,2,1,0,1,1,0,2,1,0,2,2,1,1,2,0,2,2,0,1,2,2,1,2,0,1,0,2,0,1,0,0,2,0,2,2,1,2,2,2,0,1,2,2,2,0,0,0,2,0,0,0,1,1,2,0,1,0,1,0,1,0,2,1,0,-3.09140784108758,-0.579592902886659,0.636657543670459,0.579371731153793,-1.03301883971554,1.55630259238845,2.18159608399191,1.1204797182638,1.55876512633091,-0.824646939831798,-1.47500523758329,-0.775778645242679,0.316237859483897,1.72775082142853,4.02524966929377,3.1873161389914,-1.08396782836187,0.608132038702944,-1.85265721948732,0.796667981437564,-0.770130457664256,-0.139688249102178,-2.05643797886489,0.675967882607424,0.238179737694103,1.54104897813894,0.376450946755534,1.23082872426954,-2.21052736381206,-1.67522042120695,-0.0794216851934934,-0.977387645157208,0.625825652152631,-1.17652263160144,1.07552266115354,1.53831985242154,-0.40565740174773,-2.14459508944883,-0.421331846238093,-3.55578916523972,0.491691176466477,0.227502073822439,-1.02030614142182,-0.812268876671413,0.247743760853657,3.92551183692864,-1.04635456960551,-1.02168653934594,1.05703002126088,-0.00393084133927746
